{"name":"microCMS template","plan":"Team","schemaVersion":"1.0.0","schema":[{"apiId":"API#da2c25b5-7025-4167-8c6b-58b3fe17b3bb","apiName":"記事 / Blogs","apiDescription":null,"apiEndpoint":"blogs","apiType":"LIST","apiFields":[{"idValue":"EKyRIGsvFg","fieldId":"featurePost","name":"TOPのフィーチャーエリアに表示 / Displayed in the featured area of TOP","kind":"boolean","description":"最大3件、TOPの先頭に表示します。3件以上選択されている場合は、最新3件が優先的に表示されます。"},{"idValue":"m0Lz_BH-_N","fieldId":"title","name":"記事タイトル / Title","kind":"text","required":true,"isUnique":false},{"idValue":"AlkC9cPoPP","fieldId":"content","name":"メインコンテンツ / Main Content","kind":"richEditorV2","required":true,"richEditorV2Options":["headerTwo","headerThree","headerFour","undo","redo","paragraph","bold","italic","underline","strike","code","blockquote","codeBlock","listBullet","listOrdered","link","image","table","horizontalRule","textAlign","customClass","oembedly","clean","headerOne"]},{"idValue":"WuSjHtUgfE","fieldId":"expandedContent","name":"拡張コンテンツ / Expanded Content","kind":"repeater","description":"メインコンテンツ下に続けて表示します。リンクカードやYouTube埋め込みを挿入する際にご活用ください。","customFieldCreatedAt":"2024-01-11T04:59:08.637Z","customFieldCreatedAtList":["2024-01-11T04:59:08.637Z","2024-01-11T05:00:10.364Z","2024-01-11T06:19:47.865Z"]},{"idValue":"lzWCDccWIW","fieldId":"description","name":"説明文 / Description","kind":"textArea","description":"meta descriptionとして適用されます。"},{"idValue":"fycWQlFOp5","fieldId":"thumbnail","name":"サムネイル画像 / Thumbnail Image","kind":"media","required":true},{"idValue":"R5IIui6hXV","fieldId":"category","name":"カテゴリ / Category","kind":"relation","required":true,"referenceKey":"API#a75f41af-1eac-4b90-af5b-84887c062e26"},{"idValue":"5WZMvFhCjP","fieldId":"tags","name":"タグ / Tags","kind":"relationList","required":true,"referenceKey":"API#1e14e99e-7ad5-4f37-af65-d18077dfd4ed"},{"idValue":"rwoCLCTxdf","fieldId":"contributed","name":"執筆者 / Author","kind":"relationList","required":true,"referenceKey":"API#bb91a065-df87-47da-ba25-98a367e4b57f","relationListCountLimitValidation":{"relationListCount":{"min":1,"max":null}}},{"idValue":"PqWgj-TCTt","fieldId":"relatedPost","name":"関連記事 / Related Posts","kind":"relationList","description":"指定すると、記事ページ下部に関連記事として表示します。最大4件指定できます。","referenceKey":"API#da2c25b5-7025-4167-8c6b-58b3fe17b3bb","relationListCountLimitValidation":{"relationListCount":{"min":null,"max":4}}}],"customFields":[{"apiId":"API#da2c25b5-7025-4167-8c6b-58b3fe17b3bb","createdAt":"2024-01-11T04:59:08.637Z","fieldId":"contentRichEditor","name":"リッチエディタ / Rich Editor","fields":[{"idValue":"g-3dRka7tC","fieldId":"richEditor","name":"Rich Editor","kind":"richEditorV2"}],"position":[["g-3dRka7tC"]],"updatedAt":"2024-05-30T06:51:15.261Z","viewerGroup":"dk8"},{"apiId":"API#da2c25b5-7025-4167-8c6b-58b3fe17b3bb","createdAt":"2024-01-11T05:00:10.364Z","fieldId":"contentHTML","name":"HTML埋め込み / HTML Code","fields":[{"idValue":"Q4IrfmA0-f","fieldId":"textarea","name":"Textarea","kind":"textArea"}],"position":[["Q4IrfmA0-f"]],"updatedAt":"2024-05-30T06:51:30.418Z","viewerGroup":"dk8"},{"apiId":"API#da2c25b5-7025-4167-8c6b-58b3fe17b3bb","createdAt":"2024-01-11T06:19:47.865Z","fieldId":"contentLinkCard","name":"リンクカード / Link Card","fields":[{"idValue":"zcf2Tn0j5r","fieldId":"linkCard","name":"Link Card","kind":"relation","referenceKey":"API#da2c25b5-7025-4167-8c6b-58b3fe17b3bb"}],"position":[["HfSooagJXl","zcf2Tn0j5r"]],"updatedAt":"2024-05-30T06:51:39.255Z","viewerGroup":"dk8"}]},{"apiId":"API#a75f41af-1eac-4b90-af5b-84887c062e26","apiName":"カテゴリ / Categories","apiDescription":null,"apiEndpoint":"category","apiType":"LIST","apiFields":[{"idValue":"hSuLrBYUCo","fieldId":"name","name":"カテゴリ名 / Category Name","kind":"text","required":true},{"idValue":"WJpULhooGg","fieldId":"description","name":"説明文 / Description","kind":"richEditorV2"}],"customFields":[]},{"apiId":"API#1e14e99e-7ad5-4f37-af65-d18077dfd4ed","apiName":"タグ / Tags","apiDescription":null,"apiEndpoint":"tag","apiType":"LIST","apiFields":[{"idValue":"ABpGu03UAh","fieldId":"name","name":"タグ名 / Tag Name","kind":"text"},{"idValue":"9qcwYmNWsS","fieldId":"description","name":"説明文 / Description","kind":"richEditorV2"}],"customFields":[]},{"apiId":"API#bb91a065-df87-47da-ba25-98a367e4b57f","apiName":"執筆者 / People","apiDescription":null,"apiEndpoint":"people","apiType":"LIST","apiFields":[{"idValue":"QM02dU4KND","fieldId":"avatar","name":"画像 / Avatar","kind":"media"},{"idValue":"3JcSAFMrxj","fieldId":"name","name":"名前 / Name","kind":"text","required":true},{"idValue":"ZR5DKvFIPi","fieldId":"email","name":"メールアドレス / Email","kind":"text","required":true,"isUnique":false},{"idValue":"QRVMLjAiI-","fieldId":"description","name":"説明文 / Description","kind":"textArea"},{"idValue":"n6cYwqm_VU","fieldId":"socialLinks","name":"SNSリンク / Social Links","kind":"repeater","description":"次のSNSをサポートしています: x, twitter, facebook, linkedin, line, whatsapp, telegram, viber","customFieldCreatedAtList":["2024-03-04T02:40:57.368Z"]}],"customFields":[{"apiId":"API#bb91a065-df87-47da-ba25-98a367e4b57f","createdAt":"2024-03-04T02:40:57.368Z","fieldId":"socialLinks","name":"SNSリンク / Social Links","fields":[{"idValue":"GrVZKoXhKl","fieldId":"name","name":"名前 / Name","kind":"select","selectItems":[{"id":"diQ-1n1VYC","value":"x"},{"id":"TS8dEgrDI0","value":"facebook"},{"id":"eVgu8-03Dn","value":"linkedin"},{"id":"Oi2SDXQ5U5","value":"line"},{"id":"CgyKVsbiC_","value":"whatsapp"},{"id":"sIpFf0qQu4","value":"telegram"},{"id":"TJXDfhFs4A","value":"viber"},{"id":"zN486WfhXX","value":"link"}],"selectInitialValue":[],"multipleSelect":false},{"idValue":"FyIfBo-1Q1","fieldId":"link","name":"リンクURL / Link","kind":"text"}],"position":[[null,"GrVZKoXhKl"],["FyIfBo-1Q1"]],"updatedAt":"2024-05-30T06:57:54.185Z","viewerGroup":"GQB"}]},{"apiId":"API#e27cf994-a14d-4426-a770-b9e76b86fb21","apiName":"バナー設定 / Advertisement","apiDescription":null,"apiEndpoint":"ads","apiType":"LIST","apiFields":[{"idValue":"tmqdUNvqEc","fieldId":"image","name":"広告バナー画像 / Ads Image","kind":"media","required":false},{"idValue":"aeTi90YYNi","fieldId":"name","name":"名前 / Name","kind":"text","description":"管理用の名称で、サイトに表示はされません","isUnique":false},{"idValue":"1snDx4SIb7","fieldId":"link","name":"リンクURL / Link","kind":"text"},{"idValue":"1b2mj6GPxl","fieldId":"openNewTab","name":"別タブで開く / Open New Tab (_blank target)","kind":"boolean","required":false,"booleanInitialValue":true},{"idValue":"dHk30uAnb_","fieldId":"embedCode","name":"埋め込みコード / Embeded Code","kind":"textArea","description":"Google Adsenseなどの広告タグを使用する場合はこちらを使用してください"}],"customFields":[{"apiId":"API#e27cf994-a14d-4426-a770-b9e76b86fb21","createdAt":"2024-03-04T06:08:05.799Z","fieldId":"image","name":"画像 / Image","fields":[{"idValue":"KwG0KT1ITm","fieldId":"image","name":"画像 / Image","kind":"media"},{"idValue":"AItLeWTDY2","fieldId":"link","name":"リンクURL / Link","kind":"text"},{"idValue":"ihh5tJ6nfb","fieldId":"alt","name":"代替テキスト / Alt","kind":"text"},{"idValue":"7Wn3Pub2Ih","fieldId":"openNewTab","name":"別タブで開く / Open New Tab (blank target)","kind":"boolean"}],"position":[["KwG0KT1ITm"],["AItLeWTDY2","ihh5tJ6nfb","7Wn3Pub2Ih"]],"updatedAt":"2024-05-30T06:59:41.028Z","viewerGroup":"kw4"},{"apiId":"API#e27cf994-a14d-4426-a770-b9e76b86fb21","createdAt":"2024-03-04T06:09:11.407Z","fieldId":"embed","name":"埋め込みコード / Embeded Code","fields":[{"idValue":"JA5pS07bPG","fieldId":"code","name":"Code","kind":"textArea"}],"position":[["JA5pS07bPG"]],"updatedAt":"2024-05-30T06:59:51.159Z","viewerGroup":"kw4"}]},{"apiId":"API#c65fdec0-8495-4fc1-9c22-106b38d73b80","apiName":"メニュー / Menus","apiDescription":null,"apiEndpoint":"menus","apiType":"PAGE","apiFields":[{"idValue":"ltHEQOZOV6","fieldId":"menuMain","name":"[1]メインメニュー / Main Menu","kind":"repeater","description":"展開メニュー左側、メインメニューの設定","customFieldCreatedAtList":["2024-01-10T03:48:01.938Z"]},{"idValue":"mNHG0rXlj9","fieldId":"menuOther","name":"[2]その他のメニュー / Other Menu","kind":"repeater","description":"展開メニュー右側、その他のメニューの設定","customFieldCreatedAtList":["2024-01-10T03:48:01.938Z"]},{"idValue":"Y60-DK11re","fieldId":"menuOnHeader","name":"[3]ヘッダー右メニュー / Menu On Header","kind":"repeater","description":"ヘッダー右、アイコン付きのボタンメニューの設定","customFieldCreatedAtList":["2024-01-10T03:54:21.488Z","2024-01-10T03:48:01.938Z"]},{"idValue":"r2JuIQbp1q","fieldId":"menuOnFooter","name":"[4]フッターメニュー / Menu On Footer","kind":"repeater","description":"フッターメニューの設定","customFieldCreatedAtList":["2024-01-10T03:48:01.938Z"]}],"customFields":[{"apiId":"API#c65fdec0-8495-4fc1-9c22-106b38d73b80","createdAt":"2024-01-10T03:48:01.938Z","fieldId":"menuLink","name":"メニューリンク / Menu Link","fields":[{"idValue":"WAKwxaeBmX","fieldId":"name","name":"表示名 / Name","kind":"text"},{"idValue":"g6BbomKX5L","fieldId":"href","name":"リンクURL / Link","kind":"text"},{"idValue":"1YQRVKm8O1","fieldId":"openNewTab","name":"別タブで開く / Open New Tab","kind":"boolean"}],"position":[["WAKwxaeBmX"],["g6BbomKX5L","1YQRVKm8O1"]],"updatedAt":"2024-05-30T08:08:20.057Z","viewerGroup":"ZHD"},{"apiId":"API#c65fdec0-8495-4fc1-9c22-106b38d73b80","createdAt":"2024-01-10T03:54:21.488Z","fieldId":"button","name":"ボタン / Button","fields":[{"idValue":"Du5rB9blS6","fieldId":"type","name":"ボタンスタイル / Button Style","kind":"select","required":true,"selectItems":[{"id":"L5JrosxdX4","value":"default"},{"id":"5XqPEm5k76","value":"text"}],"selectInitialValue":["L5JrosxdX4"],"multipleSelect":false},{"idValue":"tE-0nylQPc","fieldId":"icon","name":"アイコン / Icon","kind":"textArea"},{"idValue":"g1o023c7hZ","fieldId":"name","name":"表示名 / Name","kind":"text"},{"idValue":"-13F3gRSDZ","fieldId":"href","name":"リンクURL / Link","kind":"text"},{"idValue":"8TEq1m_WUx","fieldId":"openNewTab","name":"別タブで開く / Open New Tab","kind":"boolean"}],"position":[[null,"Du5rB9blS6","tE-0nylQPc"],["g1o023c7hZ","-13F3gRSDZ","8TEq1m_WUx"]],"updatedAt":"2024-06-04T09:59:16.251Z","viewerGroup":"ZHD"}]},{"apiId":"API#31d4a162-9019-462f-b454-72f365d935c0","apiName":"サイドバー / Sidebar","apiDescription":null,"apiEndpoint":"sidebar","apiType":"PAGE","apiFields":[{"idValue":"jVeudaNXuE","fieldId":"adsTop","name":"広告(上段) / Adsense Top","kind":"relationList","description":"サイドバー上部に表示するバナーを設定します","referenceKey":"API#e27cf994-a14d-4426-a770-b9e76b86fb21"},{"idValue":"eittCpzfKv","fieldId":"adsBottom","name":"広告(下段) / Adsense Bottom","kind":"relationList","description":"サイドバー下部に表示するバナーを設定します","referenceKey":"API#e27cf994-a14d-4426-a770-b9e76b86fb21"},{"idValue":"ttbVDHqNV6","fieldId":"postRanking","name":"記事ランキング / Ranking Posts","kind":"relationList","description":"サイドバー中段に表示するランキングを編集できます","referenceKey":"API#da2c25b5-7025-4167-8c6b-58b3fe17b3bb","relationListCountLimitValidation":{"relationListCount":{"min":null,"max":3}}}],"customFields":[]},{"apiId":"API#32651e95-330e-470f-9d3c-5e1834f9dca8","apiName":"サイト共通設定 / Commons","apiDescription":null,"apiEndpoint":"settings","apiType":"PAGE","apiFields":[{"idValue":"CXQxlfr0R1","fieldId":"siteName","name":"サイト名 / Site Name","kind":"text","description":"下層ページで適用されるmeta titleのサイト名部分です。\"下層ページ名 | ●●●\"のように反映されます。","required":true},{"idValue":"R1gThojLNB","fieldId":"siteTitle","name":"meta title","kind":"text","description":"TOPページのmeta titleです。","required":true},{"idValue":"17IQOfleek","fieldId":"siteDescription","name":"meta description","kind":"textArea","description":"TOPページで適用されるmeta descriptionです","required":true},{"idValue":"iM9WSWqz6x","fieldId":"sitePreview","name":"og:image","kind":"media","description":"TOPページで適用されるOG画像です","required":true},{"idValue":"rBTSyOMVex","fieldId":"favicon","name":"Favicon","kind":"media","description":"全てのページで適用されるfavicon画像です","required":false},{"idValue":"K-r0CrSYaF","fieldId":"logoHeader","name":"ヘッダーロゴ / Logo Header","kind":"media","description":"ヘッダーに適用されるロゴ画像です","required":true},{"idValue":"DpPrsLFy2F","fieldId":"logoFooter","name":"フッターロゴ / Logo Footer","kind":"media","description":"フッターに適用されるロゴ画像です"},{"idValue":"1dbQjwoVrd","fieldId":"postLimit","name":"1ページあたりの記事表示件数 / Page Post Number","kind":"number","description":"デフォルトでは10件ずつ表示します","required":false},{"idValue":"sa9Nzjx2b_","fieldId":"social","name":"サイト共通SNSリンク設定 / Site Social Link","kind":"repeater","description":"PCではフッター、SPでは展開メニュー下に表示されるSNSリンクを編集できます","customFieldCreatedAtList":["2024-01-10T03:16:44.533Z"]},{"idValue":"OAeaOtzN8H","fieldId":"articleSocialShares","name":"記事ページのSNSシェアボタン設定 / Social Sharing Buttons on Article","kind":"select","description":"記事ページのコンテンツ前後に表示されるSNSシェアボタンの編集ができます","selectItems":[{"id":"MWlkGi67xO","value":"facebook"},{"id":"-1dcdSR110","value":"x"},{"id":"LkB-iC6yhD","value":"linkedin"},{"id":"-FGxDPu1qw","value":"line"},{"id":"kxo8TZprxZ","value":"whatsapp"},{"id":"-8pF7BoR9i","value":"telegram"}],"selectInitialValue":[],"multipleSelect":true,"iframeUrl":""},{"idValue":"fiWkq5VFAG","fieldId":"footerInquiries","name":"フッター お問い合わせリンク / Inquiries Footer","kind":"custom","description":"フッターのお問い合わせリンクを編集できます","customFieldCreatedAt":"2024-01-16T03:37:54.443Z"},{"idValue":"4rFiCsrQuv","fieldId":"copyright","name":"コピーライト / Copyright Text","kind":"text","description":"フッターに表示されるcopyright文言を編集できます。"}],"customFields":[{"apiId":"API#32651e95-330e-470f-9d3c-5e1834f9dca8","createdAt":"2024-01-10T03:05:27.956Z","fieldId":"button","name":"ボタン / Button","fields":[{"idValue":"RFcHNTeRF0","fieldId":"icon","name":"SVGアイコン / SVG Icon","kind":"textArea","description":"<svg>タグをいれます"},{"idValue":"HNrQDFc-8d","fieldId":"name","name":"表示名 / Name","kind":"text"},{"idValue":"LcsV2hXXak","fieldId":"href","name":"リンクURL / Link","kind":"text"},{"idValue":"shs6TBcboZ","fieldId":"openNewTab","name":"別タブで開く / Open New Tab","kind":"boolean"}],"position":[["RFcHNTeRF0","HNrQDFc-8d","LcsV2hXXak","shs6TBcboZ"]],"updatedAt":"2024-06-26T06:49:18.546Z","viewerGroup":"oAQ"},{"apiId":"API#32651e95-330e-470f-9d3c-5e1834f9dca8","createdAt":"2024-01-10T03:16:44.533Z","fieldId":"socialLink","name":"SNSリンク / Social Link","fields":[{"idValue":"6ZJ5TkDklH","fieldId":"name","name":"表示名 / Name","kind":"select","selectItems":[{"id":"5PgVSCZrwg","value":"x"},{"id":"5U24lZk9y8","value":"twitter"},{"id":"_SKLCYBqn7","value":"facebook"},{"id":"KGLE7UNmeA","value":"youtube"},{"id":"hq53dVqXqZ","value":"line"},{"id":"-40pq3Oxt_","value":"zalo"},{"id":"ykuaZkKcII","value":"wechat"},{"id":"VRwgnDwMKY","value":"snapchat"},{"id":"5Yrm0vc0a1","value":"discord"},{"id":"11rx2U_LwS","value":"github"},{"id":"xrnAjqHH1z","value":"slack"},{"id":"lpt-bumhUq","value":"telegram"},{"id":"UjWLN0p4Zk","value":"whatsapp"},{"id":"QCBeNdza0R","value":"instagram"},{"id":"TExHCg2JQF","value":"linkedin"},{"id":"MtJlP6lPuM","value":"messenger"},{"id":"6vK9jQcu2e","value":"skype"}],"selectInitialValue":[""],"multipleSelect":false},{"idValue":"0_AyHxUNBN","fieldId":"link","name":"リンクURL / Link","kind":"text"}],"position":[["6ZJ5TkDklH"],["0_AyHxUNBN"]],"updatedAt":"2024-05-30T08:17:35.452Z","viewerGroup":"oAQ"},{"apiId":"API#32651e95-330e-470f-9d3c-5e1834f9dca8","createdAt":"2024-01-16T03:37:54.443Z","fieldId":"footerInquiries","name":"フッターお問い合わせ / Inquiries Footer","fields":[{"idValue":"3aG7jcnKjH","fieldId":"isShow","name":"表示しますか / Is it displayed?","kind":"boolean"},{"idValue":"loD9Ujx6wZ","fieldId":"title","name":"タイトル / Title","kind":"text"},{"idValue":"MGCYg3o5gB","fieldId":"description","name":"説明文 / Description","kind":"textArea"},{"idValue":"CbTbP4yNOb","fieldId":"buttons","name":"ボタングループ / Button Group","kind":"repeater","customFieldCreatedAtList":["2024-01-10T03:05:27.956Z"]}],"position":[["3aG7jcnKjH","loD9Ujx6wZ",null,"MGCYg3o5gB"],["CbTbP4yNOb"]],"updatedAt":"2024-05-30T08:18:50.195Z","viewerGroup":"oAQ"}]}]}